Borough,County,Grade,Poverty Category,Year,# Total Days,# Days Absent,# Days Present,% Attendance,# Contributing 10+ Total Days and 1+ Pres Day,# Chronically Absent,% Chronically Absent
Bronx,Bronx,All Grades,Not Poverty,2018-19,4486011,325072,4160939,92.75365448,27214,5679,20.86793518
Bronx,Bronx,All Grades,Poverty,2018-19,29195861,3124510,26071351,89.29810333,174947,65284,37.3164444
Bronx,Bronx,All Grades,Not Poverty,2019-20,2669112,174680,2494432,93.45549774,24413,4537,18.58436012
Bronx,Bronx,All Grades,Poverty,2019-20,18589103,1871363,16717740,89.93301392,169471,57454,33.90196609
Bronx,Bronx,All Grades,Not Poverty,2020-21,3850658,260937,3589721,93.22357178,23071,4500,19.50500679
Bronx,Bronx,All Grades,Poverty,2020-21,26988707,3357727,23630980,87.55876923,159162,59795,37.56864166
Bronx,Bronx,All Grades,Not Poverty,2021-22,3700769,343544,3357225,90.71695709,22718,7169,31.55647469
Bronx,Bronx,All Grades,Poverty,2021-22,24944021,3515427,21428594,85.90673828,150019,75816,50.53759766
Bronx,Bronx,All Grades,Not Poverty,2022-23,3239181,255258,2983923,92.11967468,20087,5078,25.2800312
Bronx,Bronx,All Grades,Poverty,2022-23,24525340,3020280,21505060,87.68506622,149627,66282,44.29815292
Bronx,Bronx,PK in K-12 Schools,Not Poverty,2018-19,105013,9361,95652,91.08586884,658,245,37.23404312
Bronx,Bronx,PK in K-12 Schools,Poverty,2018-19,802585,99187,703398,87.64155579,4969,2549,51.29804611
Bronx,Bronx,PK in K-12 Schools,Not Poverty,2019-20,88212,8575,79637,90.27909851,842,315,37.41092682
Bronx,Bronx,PK in K-12 Schools,Poverty,2019-20,573632,69396,504236,87.90235138,5431,2672,49.19904327
Bronx,Bronx,PK in K-12 Schools,Not Poverty,2020-21,119809,9706,110103,91.89877319,786,223,28.37150192
Bronx,Bronx,PK in K-12 Schools,Poverty,2020-21,729072,88677,640395,87.83700562,4561,1915,41.98640823
Bronx,Bronx,PK in K-12 Schools,Not Poverty,2021-22,176727,22439,154288,87.30301666,1159,607,52.37273407
Bronx,Bronx,PK in K-12 Schools,Poverty,2021-22,839736,127734,712002,84.78878784,5310,3340,62.90018845
Bronx,Bronx,PK in K-12 Schools,Not Poverty,2022-23,132898,15609,117289,88.2549057,868,431,49.65437698
Bronx,Bronx,PK in K-12 Schools,Poverty,2022-23,1057852,156053,901799,85.24812317,6672,4097,61.40587616
Bronx,Bronx,0K,Not Poverty,2018-19,292317,21041,271276,92.80199432,1768,431,24.3778286
Bronx,Bronx,0K,Poverty,2018-19,2164068,241220,1922848,88.85340118,13022,5938,45.59975433
Bronx,Bronx,0K,Not Poverty,2019-20,185617,13272,172345,92.84979248,1698,405,23.8515892
Bronx,Bronx,0K,Poverty,2019-20,1314598,135261,1179337,89.71084595,12113,4990,41.19541168
Bronx,Bronx,0K,Not Poverty,2020-21,259349,16497,242852,93.63907623,1594,315,19.76160622
Bronx,Bronx,0K,Poverty,2020-21,1734560,224441,1510119,87.06063843,10532,4572,43.41055679
Bronx,Bronx,0K,Not Poverty,2021-22,246152,23590,222562,90.41648865,1525,584,38.29508209
Bronx,Bronx,0K,Poverty,2021-22,1681673,240040,1441633,85.72612,10255,5974,58.25450897
Bronx,Bronx,0K,Not Poverty,2022-23,200226,18506,181720,90.75744629,1235,450,36.43724823
Bronx,Bronx,0K,Poverty,2022-23,1707484,221661,1485823,87.01826477,10434,5581,53.48859406
Bronx,Bronx,1,Not Poverty,2018-19,301181,17708,283473,94.12047577,1810,297,16.40884018
Bronx,Bronx,1,Poverty,2018-19,2325243,226902,2098341,90.24179077,13844,5413,39.09997177
Bronx,Bronx,1,Not Poverty,2019-20,169312,9911,159401,94.1463089,1525,267,17.50819588
Bronx,Bronx,1,Poverty,2019-20,1414806,131667,1283139,90.69363403,12834,4618,35.98254776
Bronx,Bronx,1,Not Poverty,2020-21,236808,11841,224967,94.99974823,1435,221,15.40069675
Bronx,Bronx,1,Poverty,2020-21,1979578,245627,1733951,87.59194946,11708,4812,41.10010147
Bronx,Bronx,1,Not Poverty,2021-22,230899,19785,211114,91.43132019,1427,432,30.27330017
Bronx,Bronx,1,Poverty,2021-22,1753315,234199,1519116,86.64250183,10546,5560,52.72141266
Bronx,Bronx,1,Not Poverty,2022-23,209713,16557,193156,92.10492706,1278,351,27.46478844
Bronx,Bronx,1,Poverty,2022-23,1777838,212730,1565108,88.0343399,10739,5255,48.93379211
Bronx,Bronx,2,Not Poverty,2018-19,299343,17276,282067,94.2286911,1788,290,16.21924019
Bronx,Bronx,2,Poverty,2018-19,2350952,208415,2142537,91.13486481,13875,4851,34.96216202
Bronx,Bronx,2,Not Poverty,2019-20,176656,9387,167269,94.6862793,1594,217,13.61355114
Bronx,Bronx,2,Poverty,2019-20,1456708,121091,1335617,91.68735504,13174,4050,30.74237061
Bronx,Bronx,2,Not Poverty,2020-21,239279,10734,228545,95.51402283,1439,193,13.41209126
Bronx,Bronx,2,Poverty,2020-21,2053082,233165,1819917,88.64317322,12108,4534,37.44631577
Bronx,Bronx,2,Not Poverty,2021-22,225819,17365,208454,92.31021118,1366,358,26.20790672
Bronx,Bronx,2,Poverty,2021-22,1837284,230516,1606768,87.45343781,10944,5436,49.67105103
Bronx,Bronx,2,Not Poverty,2022-23,210356,15013,195343,92.86305237,1267,294,23.20442009
Bronx,Bronx,2,Poverty,2022-23,1769630,193986,1575644,89.03804779,10607,4613,43.49014664
Bronx,Bronx,3,Not Poverty,2018-19,321303,16773,304530,94.7796936,1917,270,14.08450699
Bronx,Bronx,3,Poverty,2018-19,2435895,207134,2228761,91.49659729,14308,4698,32.83477783
Bronx,Bronx,3,Not Poverty,2019-20,178209,9206,169003,94.83415221999999,1613,217,13.45319271
Bronx,Bronx,3,Poverty,2019-20,1476914,114160,1362754,92.27037048,13293,3668,27.59346962
Bronx,Bronx,3,Not Poverty,2020-21,255687,10506,245181,95.8910675,1524,177,11.61417294
Bronx,Bronx,3,Poverty,2020-21,2115284,208953,1906331,90.12174988,12405,4051,32.65618515
Bronx,Bronx,3,Not Poverty,2021-22,226984,17596,209388,92.24790955,1385,379,27.36462021
Bronx,Bronx,3,Poverty,2021-22,1929095,234639,1694456,87.83683777,11463,5436,47.42214203
Bronx,Bronx,3,Not Poverty,2022-23,212445,13867,198578,93.47266388,1289,271,21.02404976
Bronx,Bronx,3,Poverty,2022-23,1813703,184098,1629605,89.84960938,10837,4225,38.98680496
Bronx,Bronx,4,Not Poverty,2018-19,328315,17016,311299,94.81716919,1951,260,13.32649899
Bronx,Bronx,4,Poverty,2018-19,2500317,202996,2297321,91.88118744,14671,4527,30.85679245
Bronx,Bronx,4,Not Poverty,2019-20,187426,8598,178828,95.41259003,1689,192,11.36767292
Bronx,Bronx,4,Poverty,2019-20,1553287,118347,1434940,92.380867,13993,3808,27.21360588
Bronx,Bronx,4,Not Poverty,2020-21,248484,10325,238159,95.84480286,1493,173,11.58740807
Bronx,Bronx,4,Poverty,2020-21,2172045,205744,1966301,90.52763367,12737,4036,31.68721008
Bronx,Bronx,4,Not Poverty,2021-22,248621,17612,231009,92.91612244,1499,345,23.01534271
Bronx,Bronx,4,Poverty,2021-22,1979500,231057,1748443,88.32750702,11728,5380,45.87312317
Bronx,Bronx,4,Not Poverty,2022-23,210548,13812,196736,93.43997192,1263,253,20.03167152
Bronx,Bronx,4,Poverty,2022-23,1929642,193009,1736633,89.99768066,11484,4458,38.81922531
Bronx,Bronx,5,Not Poverty,2018-19,324820,16998,307822,94.76694489,1927,291,15.10119343
Bronx,Bronx,5,Poverty,2018-19,2447591,192742,2254849,92.12523651,14259,4177,29.29377937
Bronx,Bronx,5,Not Poverty,2019-20,195342,9221,186121,95.2795639,1759,208,11.82490063
Bronx,Bronx,5,Poverty,2019-20,1576080,114001,1462079,92.76679993,14139,3599,25.45441628
Bronx,Bronx,5,Not Poverty,2020-21,278268,12057,266211,95.66712952,1646,184,11.17861462
Bronx,Bronx,5,Poverty,2020-21,2266735,212990,2053745,90.60366821,13226,4116,31.12051964
Bronx,Bronx,5,Not Poverty,2021-22,248305,18516,229789,92.54304504,1491,400,26.8276329
Bronx,Bronx,5,Poverty,2021-22,2011248,226924,1784324,88.71725464,11819,5279,44.66537094
Bronx,Bronx,5,Not Poverty,2022-23,229224,14192,215032,93.80867767,1377,252,18.30065346
Bronx,Bronx,5,Poverty,2022-23,1969132,185251,1783881,90.59224701,11645,4220,36.23872757
Bronx,Bronx,6,Not Poverty,2018-19,311078,16294,294784,94.76208496,1831,246,13.4352808
Bronx,Bronx,6,Poverty,2018-19,2317566,183427,2134139,92.08535767,13535,3806,28.11968994
Bronx,Bronx,6,Not Poverty,2019-20,176207,8253,167954,95.31630707,1586,175,11.03404808
Bronx,Bronx,6,Poverty,2019-20,1456279,109470,1346809,92.4828949,13080,3388,25.90214157
Bronx,Bronx,6,Not Poverty,2020-21,261554,12360,249194,95.2743988,1556,227,14.58868885
Bronx,Bronx,6,Poverty,2020-21,2137575,206559,1931016,90.33676147,12474,3948,31.64983177
Bronx,Bronx,6,Not Poverty,2021-22,241098,17602,223496,92.69923401,1441,384,26.64816093
Bronx,Bronx,6,Poverty,2021-22,1949973,233749,1716224,88.01270294,11518,5295,45.97152328
Bronx,Bronx,6,Not Poverty,2022-23,208787,12568,196219,93.98046875,1259,239,18.98332024
Bronx,Bronx,6,Poverty,2022-23,1840600,184403,1656197,89.98136139,10928,4106,37.57320786
Bronx,Bronx,7,Not Poverty,2018-19,319721,17495,302226,94.52803802,1886,280,14.84623528
Bronx,Bronx,7,Poverty,2018-19,2300191,194287,2105904,91.55344391,13449,3984,29.62302017
Bronx,Bronx,7,Not Poverty,2019-20,192839,9496,183343,95.07568359,1739,228,13.11098289
Bronx,Bronx,7,Poverty,2019-20,1488352,115347,1373005,92.25001526,13305,3509,26.37354469
Bronx,Bronx,7,Not Poverty,2020-21,273006,15053,257953,94.48619843,1625,265,16.30769157
Bronx,Bronx,7,Poverty,2020-21,2140927,218133,1922794,89.8112793,12452,4029,32.35624695
Bronx,Bronx,7,Not Poverty,2021-22,269930,20648,249282,92.35060883,1627,433,26.61339951
Bronx,Bronx,7,Poverty,2021-22,2003486,242002,1761484,87.92095184,11774,5311,45.10786438
Bronx,Bronx,7,Not Poverty,2022-23,230786,14258,216528,93.82198334,1388,265,19.0922184
Bronx,Bronx,7,Poverty,2022-23,1926641,206219,1720422,89.29644775,11435,4560,39.87756729
Bronx,Bronx,8,Not Poverty,2018-19,356927,22933,333994,93.57487488,2101,371,17.65825844
Bronx,Bronx,8,Poverty,2018-19,2312418,219759,2092659,90.4965744,13458,4373,32.49368286
Bronx,Bronx,8,Not Poverty,2019-20,198403,10634,187769,94.64020538,1784,251,14.06950665
Bronx,Bronx,8,Poverty,2019-20,1485984,124257,1361727,91.63806915,13269,3644,27.46250725
Bronx,Bronx,8,Not Poverty,2020-21,292117,16226,275891,94.44537354,1715,285,16.61807632
Bronx,Bronx,8,Poverty,2020-21,2223132,225855,1997277,89.84068298,12908,4045,31.33715439
Bronx,Bronx,8,Not Poverty,2021-22,274078,21545,252533,92.13909912,1635,450,27.52293587
Bronx,Bronx,8,Poverty,2021-22,2058938,251875,1807063,87.76675415,12071,5472,45.33178711
Bronx,Bronx,8,Not Poverty,2022-23,255312,18528,236784,92.74299622,1551,361,23.2753067
Bronx,Bronx,8,Poverty,2022-23,2037761,228405,1809356,88.79137421,12067,4907,40.66462326
Bronx,Bronx,9,Not Poverty,2018-19,392996,34345,358651,91.26072693,2503,562,22.45305634
Bronx,Bronx,9,Poverty,2018-19,2042727,325235,1717492,84.07839203,12986,5499,42.34560394
Bronx,Bronx,9,Not Poverty,2019-20,228485,17794,210691,92.21218109,2148,405,18.85474777
Bronx,Bronx,9,Poverty,2019-20,1382520,214185,1168335,84.50763702,13068,5391,41.25344467
Bronx,Bronx,9,Not Poverty,2020-21,321176,27970,293206,91.29138184,1935,464,23.97932816
Bronx,Bronx,9,Poverty,2020-21,2015807,361138,1654669,82.08469391,11884,5288,44.49680328
Bronx,Bronx,9,Not Poverty,2021-22,324232,30524,293708,90.58575439,2085,578,27.72182274
Bronx,Bronx,9,Poverty,2021-22,1912986,327213,1585773,82.89517212,11873,5972,50.29899597
Bronx,Bronx,9,Not Poverty,2022-23,273083,22089,250994,91.91124725,1830,416,22.73224068
Bronx,Bronx,9,Poverty,2022-23,1827732,277865,1549867,84.79727936,11906,5168,43.40668488
Bronx,Bronx,10,Not Poverty,2018-19,399827,39511,360316,90.11797333,2517,665,26.42034149
Bronx,Bronx,10,Poverty,2018-19,1902177,311991,1590186,83.5982132,12067,5549,45.98491669
Bronx,Bronx,10,Not Poverty,2019-20,234648,18958,215690,91.92066193,2207,512,23.19891167
Bronx,Bronx,10,Poverty,2019-20,1226942,183548,1043394,85.04020691,11557,4929,42.6494751
Bronx,Bronx,10,Not Poverty,2020-21,360405,37401,323004,89.62250519,2146,613,28.56477165
Bronx,Bronx,10,Poverty,2020-21,1979095,352372,1626723,82.19529724,11712,5415,46.23463058
Bronx,Bronx,10,Not Poverty,2021-22,304197,32574,271623,89.29180908,1897,599,31.57617378
Bronx,Bronx,10,Poverty,2021-22,1763664,325375,1438289,81.55119324,10929,5901,53.99396133
Bronx,Bronx,10,Not Poverty,2022-23,298923,27099,271824,90.93445587,1912,454,23.74477005
Bronx,Bronx,10,Poverty,2022-23,1784668,284754,1499914,84.04442596,11431,5431,47.51115417
Bronx,Bronx,11,Not Poverty,2018-19,354030,33332,320698,90.5849762,2209,578,26.16568565
Bronx,Bronx,11,Poverty,2018-19,1610531,228604,1381927,85.80567169,10019,4336,43.277771
Bronx,Bronx,11,Not Poverty,2019-20,223587,17291,206296,92.26654816,2074,481,23.19190025
Bronx,Bronx,11,Poverty,2019-20,1052855,142582,910273,86.45758057,9798,4050,41.33496475
Bronx,Bronx,11,Not Poverty,2020-21,341471,27561,313910,91.92874146,2003,458,22.86570168
Bronx,Bronx,11,Poverty,2020-21,1684851,266836,1418015,84.1626358,9909,4147,41.85084152
Bronx,Bronx,11,Not Poverty,2021-22,334470,35198,299272,89.47648621,2052,661,32.21247482
Bronx,Bronx,11,Poverty,2021-22,1569259,275194,1294065,82.46343994,9611,5127,53.34512711
Bronx,Bronx,11,Not Poverty,2022-23,267161,22528,244633,91.56763458,1698,425,25.02944565
Bronx,Bronx,11,Poverty,2022-23,1494558,223624,1270934,85.0374527,9442,4358,46.15547562
Bronx,Bronx,12,Not Poverty,2018-19,379140,44989,334151,88.13393402,2348,893,38.03236771
Bronx,Bronx,12,Poverty,2018-19,1683600,282611,1400989,83.21389008,10485,5584,53.2570343
Bronx,Bronx,12,Not Poverty,2019-20,234169,24084,210085,89.71511841,2160,668,30.92592621
Bronx,Bronx,12,Poverty,2019-20,1130146,178051,952095,84.24530792,10431,5144,49.31454468
Bronx,Bronx,12,Not Poverty,2020-21,362535,42486,320049,88.28085327,2156,691,32.0500946
Bronx,Bronx,12,Poverty,2020-21,1756899,307228,1449671,82.51305389,10545,4886,46.33475494
Bronx,Bronx,12,Not Poverty,2021-22,349140,48524,300616,86.10185242,2128,958,45.01879883
Bronx,Bronx,12,Poverty,2021-22,1652956,334658,1318298,79.75396729,10170,6325,62.19272232
Bronx,Bronx,12,Not Poverty,2022-23,299548,30611,268937,89.78093719,1870,615,32.88769913
Bronx,Bronx,12,Poverty,2022-23,1587355,268050,1319305,83.11341858,9995,5298,53.00650406
Brooklyn,Kings,All Grades,Not Poverty,2018-19,11752300,725863,11026437,93.82365417,69557,10873,15.63178444
Brooklyn,Kings,All Grades,Poverty,2018-19,36063879,3313511,32750368,90.81210327,214929,64094,29.82101059
Brooklyn,Kings,All Grades,Not Poverty,2019-20,7618524,460664,7157860,93.95336914,68468,10411,15.20564365
Brooklyn,Kings,All Grades,Poverty,2019-20,23103040,2092278,21010762,90.94371033,209159,59418,28.40805244
Brooklyn,Kings,All Grades,Not Poverty,2020-21,11179855,735915,10443940,93.4174881,66284,11429,17.24247169
Brooklyn,Kings,All Grades,Poverty,2020-21,34053694,4157728,29895966,87.7906723,199886,69157,34.59822083
Brooklyn,Kings,All Grades,Not Poverty,2021-22,11078024,970330,10107694,91.24094391,66539,18595,27.94601631
Brooklyn,Kings,All Grades,Poverty,2021-22,31935683,4126267,27809416,87.07944489,190785,83572,43.80428314
Brooklyn,Kings,All Grades,Not Poverty,2022-23,10431759,824217,9607542,92.09896088,62838,15190,24.17327118
Brooklyn,Kings,All Grades,Poverty,2022-23,32219410,3684030,28535380,88.56580353,195896,77616,39.62102509
Brooklyn,Kings,PK in K-12 Schools,Not Poverty,2018-19,461655,36485,425170,92.09690857,2784,777,27.90948296
Brooklyn,Kings,PK in K-12 Schools,Poverty,2018-19,1027663,133432,894231,87.01597595,6332,3291,51.97409821
Brooklyn,Kings,PK in K-12 Schools,Not Poverty,2019-20,330444,26528,303916,91.97201538,3042,851,27.97501564
Brooklyn,Kings,PK in K-12 Schools,Poverty,2019-20,688562,85051,603511,87.64802551,6507,3249,49.93084335
Brooklyn,Kings,PK in K-12 Schools,Not Poverty,2020-21,435884,33342,402542,92.35071564,2741,703,25.64757347
Brooklyn,Kings,PK in K-12 Schools,Poverty,2020-21,822706,110393,712313,86.58171844,5105,2301,45.07345581
Brooklyn,Kings,PK in K-12 Schools,Not Poverty,2021-22,586767,69697,517070,88.12186432,3649,1813,49.68484497
Brooklyn,Kings,PK in K-12 Schools,Poverty,2021-22,972287,160199,812088,83.52348328,6114,4024,65.81616211
Brooklyn,Kings,PK in K-12 Schools,Not Poverty,2022-23,691895,78892,613003,88.5976944,4178,1927,46.12254715
Brooklyn,Kings,PK in K-12 Schools,Poverty,2022-23,1424415,229579,1194836,83.88257599,8953,5828,65.09549713
Brooklyn,Kings,0K,Not Poverty,2018-19,1021045,59132,961913,94.2086792,5961,911,15.28267097
Brooklyn,Kings,0K,Poverty,2018-19,2460616,226157,2234459,90.80892944,14701,5249,35.70505524
Brooklyn,Kings,0K,Not Poverty,2019-20,666182,43017,623165,93.54275513,5950,1120,18.8235302
Brooklyn,Kings,0K,Poverty,2019-20,1553419,147420,1405999,90.50996399,14129,5093,36.04642868
Brooklyn,Kings,0K,Not Poverty,2020-21,904218,46790,857428,94.82536316,5486,823,15.00182247
Brooklyn,Kings,0K,Poverty,2020-21,2165385,248065,1917320,88.54406738,13010,4894,37.61721802
Brooklyn,Kings,0K,Not Poverty,2021-22,900851,76326,824525,91.52734375,5391,1615,29.95733643
Brooklyn,Kings,0K,Poverty,2021-22,2075697,265076,1810621,87.22954559,12481,6348,50.86130905
Brooklyn,Kings,0K,Not Poverty,2022-23,808802,65810,742992,91.86327362,4792,1410,29.42403984
Brooklyn,Kings,0K,Poverty,2022-23,2144629,257527,1887102,87.99200439,12985,6316,48.64073944
Brooklyn,Kings,1,Not Poverty,2018-19,1009173,50475,958698,94.99838257,5888,681,11.56589699
Brooklyn,Kings,1,Poverty,2018-19,2712181,215795,2496386,92.04348755,16041,4802,29.93578911
Brooklyn,Kings,1,Not Poverty,2019-20,623846,33049,590797,94.70237732,5533,682,12.32604408
Brooklyn,Kings,1,Poverty,2019-20,1601187,130936,1470251,91.82256317,14439,4249,29.42724609
Brooklyn,Kings,1,Not Poverty,2020-21,887304,36128,851176,95.9283371,5313,572,10.76604557
Brooklyn,Kings,1,Poverty,2020-21,2300491,239270,2061221,89.5991745,13595,4592,33.7771225
Brooklyn,Kings,1,Not Poverty,2021-22,856869,62223,794646,92.73832703,5081,1167,22.9679203
Brooklyn,Kings,1,Poverty,2021-22,2169639,256665,1912974,88.17015076,12956,5906,45.5850563
Brooklyn,Kings,1,Not Poverty,2022-23,816378,58136,758242,92.87879181,4805,1043,21.70655632
Brooklyn,Kings,1,Poverty,2022-23,2233489,235733,1997756,89.44552612,13429,5617,41.82738876
Brooklyn,Kings,2,Not Poverty,2018-19,935516,44177,891339,95.27779388,5450,570,10.45871544
Brooklyn,Kings,2,Poverty,2018-19,2703443,197594,2505849,92.69102478,15898,4186,26.330356600000002
Brooklyn,Kings,2,Not Poverty,2019-20,621264,30661,590603,95.06473541,5508,600,10.89324665
Brooklyn,Kings,2,Poverty,2019-20,1702358,124643,1577715,92.67821503,15241,3859,25.31986046
Brooklyn,Kings,2,Not Poverty,2020-21,849575,30676,818899,96.38925171,5027,437,8.69305706
Brooklyn,Kings,2,Poverty,2020-21,2330134,219324,2110810,90.5874939,13694,4229,30.8821373
Brooklyn,Kings,2,Not Poverty,2021-22,839827,57579,782248,93.14394379,4966,1033,20.80145073
Brooklyn,Kings,2,Poverty,2021-22,2151210,236179,1915031,89.02111053,12745,5348,41.96155167
Brooklyn,Kings,2,Not Poverty,2022-23,796951,52015,744936,93.47325134,4672,880,18.83561707
Brooklyn,Kings,2,Poverty,2022-23,2204907,217063,1987844,90.15545654,13185,5000,37.92188263
Brooklyn,Kings,3,Not Poverty,2018-19,934021,41432,892589,95.56412506,5414,482,8.902844429
Brooklyn,Kings,3,Poverty,2018-19,2738163,192357,2545806,92.97496033,16034,4053,25.27753448
Brooklyn,Kings,3,Not Poverty,2019-20,589288,27315,561973,95.36474609,5228,491,9.391736984
Brooklyn,Kings,3,Poverty,2019-20,1700202,115451,1584751,93.20957184,15238,3542,23.24452019
Brooklyn,Kings,3,Not Poverty,2020-21,869351,31028,838323,96.43090057,5134,436,8.492403984
Brooklyn,Kings,3,Poverty,2020-21,2481561,217326,2264235,91.24237061,14533,4153,28.57634354
Brooklyn,Kings,3,Not Poverty,2021-22,810615,51662,758953,93.6268158,4780,899,18.80753136
Brooklyn,Kings,3,Poverty,2021-22,2199587,227156,1972431,89.67279053,13029,5038,38.66758728
Brooklyn,Kings,3,Not Poverty,2022-23,783374,48830,734544,93.76670837,4574,830,18.14604378
Brooklyn,Kings,3,Poverty,2022-23,2193588,200634,1992954,90.85361481,13106,4537,34.617733
Brooklyn,Kings,4,Not Poverty,2018-19,947143,37911,909232,95.99732971,5472,456,8.333333015
Brooklyn,Kings,4,Poverty,2018-19,2842884,188032,2654852,93.38587189,16581,3840,23.15903664
Brooklyn,Kings,4,Not Poverty,2019-20,584115,24089,560026,95.87598419,5171,434,8.392960548
Brooklyn,Kings,4,Poverty,2019-20,1727844,112744,1615100,93.4748764,15447,3389,21.93953514
Brooklyn,Kings,4,Not Poverty,2020-21,831882,29102,802780,96.50167084,4890,410,8.384458542
Brooklyn,Kings,4,Poverty,2020-21,2495658,207089,2288569,91.70202637,14601,3944,27.01184845
Brooklyn,Kings,4,Not Poverty,2021-22,821718,50893,770825,93.80651093,4846,875,18.05612946
Brooklyn,Kings,4,Poverty,2021-22,2342188,230512,2111676,90.15826416,13787,5115,37.10016632
Brooklyn,Kings,4,Not Poverty,2022-23,751065,43036,708029,94.27000427,4385,646,14.73204136
Brooklyn,Kings,4,Poverty,2022-23,2243537,196745,2046792,91.23059082,13328,4444,33.34333801
Brooklyn,Kings,5,Not Poverty,2018-19,901535,39780,861755,95.58752441,5193,520,10.01347923
Brooklyn,Kings,5,Poverty,2018-19,2817894,181202,2636692,93.56959534,16354,3643,22.27589607
Brooklyn,Kings,5,Not Poverty,2019-20,578662,24716,553946,95.7287674,5122,456,8.90277195
Brooklyn,Kings,5,Poverty,2019-20,1809835,112470,1697365,93.78562164,16129,3288,20.3856411
Brooklyn,Kings,5,Not Poverty,2020-21,838711,28296,810415,96.62625122,4909,400,8.148299217
Brooklyn,Kings,5,Poverty,2020-21,2534881,210861,2324020,91.68161774,14761,3980,26.96294212
Brooklyn,Kings,5,Not Poverty,2021-22,816311,52948,763363,93.51374817,4805,968,20.14568138
Brooklyn,Kings,5,Poverty,2021-22,2383777,232487,2151290,90.24711609,13965,5072,36.31937027
Brooklyn,Kings,5,Not Poverty,2022-23,764137,44871,719266,94.12788391,4462,719,16.11384964
Brooklyn,Kings,5,Poverty,2022-23,2424452,203253,2221199,91.616539,14310,4492,31.39063644
Brooklyn,Kings,6,Not Poverty,2018-19,863440,36918,826522,95.72431183,4990,442,8.857715607
Brooklyn,Kings,6,Poverty,2018-19,2813193,183786,2629407,93.46699524,16314,3609,22.12210464
Brooklyn,Kings,6,Not Poverty,2019-20,510294,22130,488164,95.6632843,4537,415,9.147013664
Brooklyn,Kings,6,Poverty,2019-20,1775623,112194,1663429,93.681427,15809,3187,20.15940285
Brooklyn,Kings,6,Not Poverty,2020-21,756004,37032,718972,95.10161591,4474,632,14.12606144
Brooklyn,Kings,6,Poverty,2020-21,2627223,252515,2374708,90.38851929,15301,4591,30.00457573
Brooklyn,Kings,6,Not Poverty,2021-22,710551,46726,663825,93.42397308,4229,842,19.91014481
Brooklyn,Kings,6,Poverty,2021-22,2387177,235496,2151681,90.13495636,13991,4985,35.63004684
Brooklyn,Kings,6,Not Poverty,2022-23,677603,40282,637321,94.05522156,4004,666,16.63336754
Brooklyn,Kings,6,Poverty,2022-23,2385165,206177,2178988,91.35585785,14057,4466,31.77064896
Brooklyn,Kings,7,Not Poverty,2018-19,813505,32818,780687,95.96585083,4696,427,9.092844963
Brooklyn,Kings,7,Poverty,2018-19,2753110,186291,2566819,93.23343658,15917,3646,22.90632629
Brooklyn,Kings,7,Not Poverty,2019-20,565207,22233,542974,96.06639862,4987,423,8.482053757
Brooklyn,Kings,7,Poverty,2019-20,1789639,115219,1674420,93.56188965,15909,3333,20.95040512
Brooklyn,Kings,7,Not Poverty,2020-21,782631,42478,740153,94.57241058,4595,750,16.32209015
Brooklyn,Kings,7,Poverty,2020-21,2620481,269676,2350805,89.70891571,15193,4805,31.62640762
Brooklyn,Kings,7,Not Poverty,2021-22,748837,46255,702582,93.8230896,4409,806,18.28078842
Brooklyn,Kings,7,Poverty,2021-22,2499923,246855,2253068,90.12549591,14575,5105,35.02573013
Brooklyn,Kings,7,Not Poverty,2022-23,682995,40014,642981,94.14139557,4021,676,16.81173897
Brooklyn,Kings,7,Poverty,2022-23,2422161,219095,2203066,90.95456696,14253,4646,32.59664536
Brooklyn,Kings,8,Not Poverty,2018-19,830402,44144,786258,94.684021,4787,629,13.13975334
Brooklyn,Kings,8,Poverty,2018-19,2736519,210229,2526290,92.31764984,15794,4032,25.52868271
Brooklyn,Kings,8,Not Poverty,2019-20,520716,25047,495669,95.18989563,4603,529,11.49250507
Brooklyn,Kings,8,Poverty,2019-20,1772295,121708,1650587,93.13274384,15719,3434,21.84617424
Brooklyn,Kings,8,Not Poverty,2020-21,844180,49295,794885,94.16060638,4917,865,17.59202766
Brooklyn,Kings,8,Poverty,2020-21,2668342,268422,2399920,89.94049835,15452,4803,31.08335495
Brooklyn,Kings,8,Not Poverty,2021-22,766039,56507,709532,92.62348175,4501,1116,24.79449081
Brooklyn,Kings,8,Poverty,2021-22,2556067,274148,2281919,89.27461243,14853,5661,38.11351395
Brooklyn,Kings,8,Not Poverty,2022-23,704341,48309,656032,93.14125061,4134,883,21.35945892
Brooklyn,Kings,8,Poverty,2022-23,2580259,246532,2333727,90.44545746,15122,5117,33.83811569
Brooklyn,Kings,9,Not Poverty,2018-19,805940,72002,733938,91.06608582,5113,1063,20.79014206
Brooklyn,Kings,9,Poverty,2018-19,2861959,357709,2504250,87.50125122,17892,5638,31.5112896
Brooklyn,Kings,9,Not Poverty,2019-20,542027,42150,499877,92.22363281,5080,961,18.91732216
Brooklyn,Kings,9,Poverty,2019-20,1920815,237277,1683538,87.64706421,17923,5714,31.88082314
Brooklyn,Kings,9,Not Poverty,2020-21,829612,92813,736799,88.81248474,4939,1305,26.42235184
Brooklyn,Kings,9,Poverty,2020-21,2927470,506646,2420824,82.69338226,17146,6952,40.54589844
Brooklyn,Kings,9,Not Poverty,2021-22,866785,86900,779885,89.97444916,5452,1534,28.13646317
Brooklyn,Kings,9,Poverty,2021-22,2734715,423364,2311351,84.51889801,16789,7386,43.99309158
Brooklyn,Kings,9,Not Poverty,2022-23,749770,69646,680124,90.71102142,4872,1159,23.78899765
Brooklyn,Kings,9,Poverty,2022-23,2699818,366606,2333212,86.42108154,17286,6662,38.53985977
Brooklyn,Kings,10,Not Poverty,2018-19,814213,80098,734115,90.16252136,5106,1247,24.42224884
Brooklyn,Kings,10,Poverty,2018-19,2754027,371454,2382573,86.5123291,17184,6158,35.83566284
Brooklyn,Kings,10,Not Poverty,2019-20,544464,46020,498444,91.5476532,5054,1101,21.78472519
Brooklyn,Kings,10,Poverty,2019-20,1833158,238942,1594216,86.96555328,17057,5912,34.66025543
Brooklyn,Kings,10,Not Poverty,2020-21,842633,100366,742267,88.08900452,4974,1371,27.5633297
Brooklyn,Kings,10,Poverty,2020-21,2957107,549039,2408068,81.43323517,17325,7442,42.95526886
Brooklyn,Kings,10,Not Poverty,2021-22,831125,99939,731186,87.97545624,5137,1812,35.27350616
Brooklyn,Kings,10,Poverty,2021-22,2616142,450614,2165528,82.77562714,16026,7715,48.140522
Brooklyn,Kings,10,Not Poverty,2022-23,804173,81493,722680,89.86623383,5131,1355,26.40810776
Brooklyn,Kings,10,Poverty,2022-23,2625017,389704,2235313,85.15422821,16690,7004,41.96524811
Brooklyn,Kings,11,Not Poverty,2018-19,702015,59267,642748,91.55758667,4310,984,22.83062553
Brooklyn,Kings,11,Poverty,2018-19,2357239,280381,2076858,88.10553741,14531,4859,33.43885422
Brooklyn,Kings,11,Not Poverty,2019-20,469691,37118,432573,92.0973587,4334,911,21.01984215
Brooklyn,Kings,11,Poverty,2019-20,1536507,172895,1363612,88.74752808,14161,4529,31.98220444
Brooklyn,Kings,11,Not Poverty,2020-21,759970,78505,681465,89.66999054,4451,1174,26.37609482
Brooklyn,Kings,11,Poverty,2020-21,2528204,375120,2153084,85.16259003,14713,5390,36.63426971
Brooklyn,Kings,11,Not Poverty,2021-22,771439,90348,681091,88.28838348,4689,1667,35.5512886
Brooklyn,Kings,11,Poverty,2021-22,2355258,385730,1969528,83.62260437,14196,6758,47.60495758
Brooklyn,Kings,11,Not Poverty,2022-23,717234,65941,651293,90.80620575,4512,1205,26.70656013
Brooklyn,Kings,11,Poverty,2022-23,2260829,312536,1948293,86.17604065,14146,5727,40.48494339
Brooklyn,Kings,12,Not Poverty,2018-19,712697,91224,621473,87.20017242,4393,1684,38.33371353
Brooklyn,Kings,12,Poverty,2018-19,2484988,389092,2095896,84.34230042,15356,7088,46.15785217
Brooklyn,Kings,12,Not Poverty,2019-20,472324,56591,415733,88.01860809,4329,1445,33.37953186
Brooklyn,Kings,12,Poverty,2019-20,1691596,265328,1426268,84.31493378,15495,6667,43.02678299
Brooklyn,Kings,12,Not Poverty,2020-21,747063,99828,647235,86.63726807,4416,1541,34.89583206
Brooklyn,Kings,12,Poverty,2020-21,2593853,483972,2109881,81.34158325,15452,7081,45.82578278
Brooklyn,Kings,12,Not Poverty,2021-22,750290,122327,627963,83.69603729,4604,2448,53.17115402
Brooklyn,Kings,12,Poverty,2021-22,2492016,501786,1990230,79.86425781,15278,9111,59.63476944
Brooklyn,Kings,12,Not Poverty,2022-23,683041,86942,596099,87.27133179,4296,1791,41.68994522
Brooklyn,Kings,12,Poverty,2022-23,2377144,402846,1974298,83.05335999,15046,7760,51.57516861
Manhattan,New York,All Grades,Not Poverty,2018-19,8847286,491185,8356101,94.44818115,52280,6814,13.0336647
Manhattan,New York,All Grades,Poverty,2018-19,15439940,1659211,13780729,89.25377655,93844,32849,35.00383759
Manhattan,New York,All Grades,Not Poverty,2019-20,5845152,318841,5526311,94.54520416,52639,6916,13.1385479
Manhattan,New York,All Grades,Poverty,2019-20,9827323,1058626,8768697,89.2277298,90397,30655,33.91152191
Manhattan,New York,All Grades,Not Poverty,2020-21,8342751,455376,7887375,94.54165649,49485,6921,13.98605633
Manhattan,New York,All Grades,Poverty,2020-21,14536424,2154711,12381713,85.17716217,85844,34985,40.75415802
Manhattan,New York,All Grades,Not Poverty,2021-22,8031502,632454,7399048,92.12533569,47670,11300,23.70463562
Manhattan,New York,All Grades,Poverty,2021-22,13625903,2139970,11485933,84.29483795,82520,42786,51.84924698
Manhattan,New York,All Grades,Not Poverty,2022-23,7624533,556552,7067981,92.70050812,45652,9647,21.13160515
Manhattan,New York,All Grades,Poverty,2022-23,13612962,1902648,11710314,86.02326202,86025,40879,47.51990891
Manhattan,New York,PK in K-12 Schools,Not Poverty,2018-19,341285,24788,316497,92.73686218,2048,500,24.4140625
Manhattan,New York,PK in K-12 Schools,Poverty,2018-19,449545,60797,388748,86.47588348,2833,1592,56.19484711
Manhattan,New York,PK in K-12 Schools,Not Poverty,2019-20,255213,19807,235406,92.23902893,2336,635,27.18321991
Manhattan,New York,PK in K-12 Schools,Poverty,2019-20,317067,42675,274392,86.54070282,3016,1616,53.5809021
Manhattan,New York,PK in K-12 Schools,Not Poverty,2020-21,341649,24870,316779,92.72059631,2137,508,23.77164268
Manhattan,New York,PK in K-12 Schools,Poverty,2020-21,380229,67763,312466,82.17837524,2400,1318,54.91666794
Manhattan,New York,PK in K-12 Schools,Not Poverty,2021-22,376781,41599,335182,88.95936584,2305,1051,45.59653091
Manhattan,New York,PK in K-12 Schools,Poverty,2021-22,471796,90212,381584,80.87902069,2999,2201,73.39112854
Manhattan,New York,PK in K-12 Schools,Not Poverty,2022-23,409639,42037,367602,89.73803711,2461,1031,41.89353943
Manhattan,New York,PK in K-12 Schools,Poverty,2022-23,542578,97124,445454,82.09953308,3634,2552,70.22564697
Manhattan,New York,0K,Not Poverty,2018-19,700896,39231,661665,94.40273285,4090,567,13.86308098
Manhattan,New York,0K,Poverty,2018-19,764813,82842,681971,89.16833496,4654,2053,44.11259079
Manhattan,New York,0K,Not Poverty,2019-20,470740,28488,442252,93.94824982,4192,681,16.24522972
Manhattan,New York,0K,Poverty,2019-20,473758,51192,422566,89.1944809,4380,1892,43.19634628
Manhattan,New York,0K,Not Poverty,2020-21,609136,21106,588030,96.53509521,3692,315,8.531961441
Manhattan,New York,0K,Poverty,2020-21,653881,95193,558688,85.44184875,3960,1823,46.03535461
Manhattan,New York,0K,Not Poverty,2021-22,573178,41647,531531,92.73401642,3361,805,23.9512043
Manhattan,New York,0K,Poverty,2021-22,627592,97961,529631,84.39097595,3854,2365,61.36481476
Manhattan,New York,0K,Not Poverty,2022-23,545978,41077,504901,92.47644043,3207,777,24.2282505
Manhattan,New York,0K,Poverty,2022-23,658418,96941,561477,85.27667999,4224,2569,60.81912994
Manhattan,New York,1,Not Poverty,2018-19,680430,31027,649403,95.44008636,3942,343,8.701167107
Manhattan,New York,1,Poverty,2018-19,814634,73218,741416,91.01216125,4899,1724,35.19085693
Manhattan,New York,1,Not Poverty,2019-20,436443,22306,414137,94.88913727,3872,439,11.33780956
Manhattan,New York,1,Poverty,2019-20,483729,45069,438660,90.68300629,4443,1558,35.06639481
Manhattan,New York,1,Not Poverty,2020-21,574549,14472,560077,97.4811554,3446,174,5.049332619
Manhattan,New York,1,Poverty,2020-21,705807,95132,610675,86.52153015,4173,1790,42.89479828
Manhattan,New York,1,Not Poverty,2021-22,555540,35327,520213,93.64096069,3249,569,17.5130806
Manhattan,New York,1,Poverty,2021-22,649186,92179,557007,85.80083466,3904,2199,56.32684326
Manhattan,New York,1,Not Poverty,2022-23,539492,36539,502953,93.22714996,3144,609,19.37022972
Manhattan,New York,1,Poverty,2022-23,676568,91288,585280,86.50719452,4318,2368,54.84020233
Manhattan,New York,2,Not Poverty,2018-19,634525,27608,606917,95.64903259,3660,269,7.349726677
Manhattan,New York,2,Poverty,2018-19,850029,69418,780611,91.83345795,5071,1617,31.88720131
Manhattan,New York,2,Not Poverty,2019-20,426601,20082,406519,95.29255676,3783,374,9.886333466
Manhattan,New York,2,Poverty,2019-20,508925,43277,465648,91.4963913,4610,1459,31.64859009
Manhattan,New York,2,Not Poverty,2020-21,557690,12687,545003,97.7250824,3313,148,4.467250347
Manhattan,New York,2,Poverty,2020-21,716271,84381,631890,88.21940613,4222,1597,37.82567596
Manhattan,New York,2,Not Poverty,2021-22,521334,31372,489962,93.98236084,3032,495,16.32585716
Manhattan,New York,2,Poverty,2021-22,673986,94079,579907,86.04140472,4044,2116,52.32443237
Manhattan,New York,2,Not Poverty,2022-23,520668,32032,488636,93.84790039,3022,460,15.22170734
Manhattan,New York,2,Poverty,2022-23,693199,82459,610740,88.10456848,4367,2105,48.20242691
Manhattan,New York,3,Not Poverty,2018-19,628087,25681,602406,95.91123199,3620,245,6.76795578
Manhattan,New York,3,Poverty,2018-19,914140,71673,842467,92.15951538,5396,1627,30.15196419
Manhattan,New York,3,Not Poverty,2019-20,403573,17188,386385,95.74104309,3568,284,7.959641457
Manhattan,New York,3,Poverty,2019-20,539189,41808,497381,92.2461319,4895,1356,27.70173645
Manhattan,New York,3,Not Poverty,2020-21,547717,13090,534627,97.6100769,3265,151,4.624808788
Manhattan,New York,3,Poverty,2020-21,753568,79401,674167,89.4633255,4433,1486,33.52131653
Manhattan,New York,3,Not Poverty,2021-22,513063,29822,483241,94.18746185,2989,457,15.28939438
Manhattan,New York,3,Poverty,2021-22,687259,87810,599449,87.22315979,4111,2002,48.69861221
Manhattan,New York,3,Not Poverty,2022-23,493344,28205,465139,94.28289032,2866,361,12.59595299
Manhattan,New York,3,Poverty,2022-23,700010,82220,617790,88.25445557,4367,2073,47.4696579
Manhattan,New York,4,Not Poverty,2018-19,606341,18880,587461,96.8862381,3497,192,5.490420341
Manhattan,New York,4,Poverty,2018-19,958841,71171,887670,92.57739258,5629,1561,27.73139191
Manhattan,New York,4,Not Poverty,2019-20,395408,12420,382988,96.85894012,3492,176,5.040091515
Manhattan,New York,4,Poverty,2019-20,569034,42423,526611,92.54473114,5134,1411,27.48344421
Manhattan,New York,4,Not Poverty,2020-21,532854,11556,521298,97.83129883,3157,132,4.181184769
Manhattan,New York,4,Poverty,2020-21,795305,79819,715486,89.96372223,4649,1485,31.94235229
Manhattan,New York,4,Not Poverty,2021-22,501073,26847,474226,94.64209747,2898,393,13.56107616
Manhattan,New York,4,Poverty,2021-22,718707,88783,629924,87.64684296,4267,2055,48.16030121
Manhattan,New York,4,Not Poverty,2022-23,482526,26273,456253,94.55511475,2793,382,13.67704964
Manhattan,New York,4,Poverty,2022-23,719662,80195,639467,88.85657501,4454,1986,44.58913422
Manhattan,New York,5,Not Poverty,2018-19,588053,23760,564293,95.95954895,3365,246,7.310549736
Manhattan,New York,5,Poverty,2018-19,920122,66267,853855,92.79801941,5374,1440,26.79568291
Manhattan,New York,5,Not Poverty,2019-20,374011,14733,359278,96.0608139,3298,227,6.882959366
Manhattan,New York,5,Poverty,2019-20,601093,43500,557593,92.76318359,5394,1389,25.75083351
Manhattan,New York,5,Not Poverty,2020-21,517986,11566,506420,97.76712036,3040,114,3.75
Manhattan,New York,5,Poverty,2020-21,845277,81619,763658,90.34410858,4930,1542,31.27789116
Manhattan,New York,5,Not Poverty,2021-22,492388,29102,463286,94.0896225,2867,454,15.83536816
Manhattan,New York,5,Poverty,2021-22,760917,93766,667151,87.67723846,4488,2143,47.74955368
Manhattan,New York,5,Not Poverty,2022-23,472876,27381,445495,94.20968628,2733,399,14.59934139
Manhattan,New York,5,Poverty,2022-23,752234,82170,670064,89.07653809,4611,1990,43.15766525
Manhattan,New York,6,Not Poverty,2018-19,570287,21022,549265,96.31378937,3276,198,6.04395628
Manhattan,New York,6,Poverty,2018-19,936810,63567,873243,93.21452332,5472,1294,23.64766121
Manhattan,New York,6,Not Poverty,2019-20,374227,13952,360275,96.27178192,3315,232,6.998491764
Manhattan,New York,6,Poverty,2019-20,571991,39516,532475,93.09149933,5140,1213,23.59922218
Manhattan,New York,6,Not Poverty,2020-21,521245,15131,506114,97.09714508,3046,216,7.091267109
Manhattan,New York,6,Poverty,2020-21,865700,88620,777080,89.76319885,5025,1596,31.76119423
Manhattan,New York,6,Not Poverty,2021-22,483018,26224,456794,94.57080078,2795,389,13.9177103
Manhattan,New York,6,Poverty,2021-22,790476,94018,696458,88.1061554,4657,2069,44.427742
Manhattan,New York,6,Not Poverty,2022-23,453170,22927,430243,94.94075012,2641,314,11.88943577
Manhattan,New York,6,Poverty,2022-23,749454,79006,670448,89.45819092,4615,1891,40.9750824
Manhattan,New York,7,Not Poverty,2018-19,550196,16347,533849,97.02887726,3159,176,5.571383476
Manhattan,New York,7,Poverty,2018-19,939160,66500,872660,92.91920471,5479,1319,24.07373619
Manhattan,New York,7,Not Poverty,2019-20,363634,10869,352765,97.01100922,3208,149,4.644638538
Manhattan,New York,7,Poverty,2019-20,599521,40698,558823,93.21157837,5376,1214,22.58184433
Manhattan,New York,7,Not Poverty,2020-21,534784,17597,517187,96.7095108,3135,254,8.102073669
Manhattan,New York,7,Poverty,2020-21,853224,96090,757134,88.73800659,4965,1733,34.90433121
Manhattan,New York,7,Not Poverty,2021-22,488059,25393,462666,94.79714203,2843,378,13.29581547
Manhattan,New York,7,Poverty,2021-22,816604,96108,720496,88.23077393,4808,2042,42.47088242
Manhattan,New York,7,Not Poverty,2022-23,454193,22296,431897,95.09107208,2637,297,11.26279831
Manhattan,New York,7,Poverty,2022-23,818698,89305,729393,89.09182739,4987,2037,40.84619904
Manhattan,New York,8,Not Poverty,2018-19,544514,25105,519409,95.38946533,3113,285,9.155156136
Manhattan,New York,8,Poverty,2018-19,947400,77299,870101,91.84093475,5516,1568,28.42639542
Manhattan,New York,8,Not Poverty,2019-20,348298,14501,333797,95.83660889,3064,243,7.930809498
Manhattan,New York,8,Poverty,2019-20,609820,45885,563935,92.47564697,5455,1349,24.72960663
Manhattan,New York,8,Not Poverty,2020-21,506039,21137,484902,95.82305145,2946,321,10.89613056
Manhattan,New York,8,Poverty,2020-21,934058,107896,826162,88.44868469,5409,1829,33.81401443
Manhattan,New York,8,Not Poverty,2021-22,497225,31754,465471,93.61375427,2872,516,17.96657372
Manhattan,New York,8,Poverty,2021-22,854618,106316,748302,87.55982208,4995,2282,45.6856842
Manhattan,New York,8,Not Poverty,2022-23,460519,29151,431368,93.66996765,2691,466,17.31698227
Manhattan,New York,8,Poverty,2022-23,869146,100152,768994,88.47696686,5263,2249,42.73228073
Manhattan,New York,9,Not Poverty,2018-19,765440,44813,720627,94.14546204,4728,613,12.96531296
Manhattan,New York,9,Poverty,2018-19,1823717,236454,1587263,87.03450012,11463,3895,33.97888947
Manhattan,New York,9,Not Poverty,2019-20,518104,28001,490103,94.5954895,4845,614,12.67285824
Manhattan,New York,9,Poverty,2019-20,1206323,153338,1052985,87.28881073,11395,3882,34.06757355
Manhattan,New York,9,Not Poverty,2020-21,768793,58026,710767,92.45232391,4577,857,18.72405434
Manhattan,New York,9,Poverty,2020-21,1848658,319453,1529205,82.71973419,10876,4603,42.3225441
Manhattan,New York,9,Not Poverty,2021-22,732080,59178,672902,91.91645813,4542,1037,22.83135223
Manhattan,New York,9,Poverty,2021-22,1695773,259395,1436378,84.70343781,10440,4608,44.13793182
Manhattan,New York,9,Not Poverty,2022-23,672324,48091,624233,92.84705353,4244,786,18.52026367
Manhattan,New York,9,Poverty,2022-23,1708598,238873,1469725,86.01935577,11208,4577,40.83690262
Manhattan,New York,10,Not Poverty,2018-19,798060,57105,740955,92.84452057,4939,870,17.6149025
Manhattan,New York,10,Poverty,2018-19,1777093,231888,1545205,86.95127106,11272,4227,37.5
Manhattan,New York,10,Not Poverty,2019-20,517905,32708,485197,93.68455505,4813,774,16.08144569
Manhattan,New York,10,Poverty,2019-20,1166012,155941,1010071,86.62612152,10959,4103,37.43954849
Manhattan,New York,10,Not Poverty,2020-21,815465,71137,744328,91.27651215,4824,1075,22.28441048
Manhattan,New York,10,Poverty,2020-21,1840172,349751,1490421,80.99356842,10937,4938,45.14949417
Manhattan,New York,10,Not Poverty,2021-22,765747,70897,694850,90.74146271,4683,1265,27.01259804
Manhattan,New York,10,Poverty,2021-22,1704439,304585,1399854,82.12989807,10511,5368,51.07030869
Manhattan,New York,10,Not Poverty,2022-23,705034,56568,648466,91.97655487,4450,1044,23.46067429
Manhattan,New York,10,Poverty,2022-23,1659377,258627,1400750,84.41420746,10702,4794,44.79536438
Manhattan,New York,11,Not Poverty,2018-19,751027,54631,696396,92.72583008,4610,877,19.02386093
Manhattan,New York,11,Poverty,2018-19,1635254,205273,1429981,87.44702911,10122,3616,35.72416687
Manhattan,New York,11,Not Poverty,2019-20,484877,34420,450457,92.90129089,4476,811,18.11885643
Manhattan,New York,11,Poverty,2019-20,1034980,125283,909697,87.89512634,9604,3348,34.86047363
Manhattan,New York,11,Not Poverty,2020-21,765111,68376,696735,91.06325531,4477,1040,23.22984123
Manhattan,New York,11,Poverty,2020-21,1630413,273886,1356527,83.20143127,9606,4049,42.15073776
Manhattan,New York,11,Not Poverty,2021-22,766471,75800,690671,90.11051941,4639,1355,29.20888138
Manhattan,New York,11,Poverty,2021-22,1569279,281050,1288229,82.09049988,9622,5077,52.76449966
Manhattan,New York,11,Not Poverty,2022-23,704692,57635,647057,91.82125092,4364,992,22.73143959
Manhattan,New York,11,Poverty,2022-23,1517182,234206,1282976,84.56309509,9546,4250,44.52126694
Manhattan,New York,12,Not Poverty,2018-19,688145,81187,606958,88.20204926,4233,1433,33.85305786
Manhattan,New York,12,Poverty,2018-19,1708382,282844,1425538,83.44374847,10664,5316,49.84996414
Manhattan,New York,12,Not Poverty,2019-20,476118,49366,426752,89.63156128,4379,1279,29.20758247
Manhattan,New York,12,Poverty,2019-20,1145881,188021,957860,83.59157562,10606,4875,45.96455002
Manhattan,New York,12,Not Poverty,2020-21,749197,94454,654743,87.39263153,4416,1608,36.41304398
Manhattan,New York,12,Poverty,2020-21,1713795,335693,1378102,80.41230011,10258,5195,50.6434021
Manhattan,New York,12,Not Poverty,2021-22,765545,107492,658053,85.95876312,4595,2136,46.4853096
Manhattan,New York,12,Poverty,2021-22,1605271,353708,1251563,77.96583557,9820,6259,63.73727036
Manhattan,New York,12,Not Poverty,2022-23,710078,86340,623738,87.84077454,4399,1729,39.30438614
Manhattan,New York,12,Poverty,2022-23,1547838,290082,1257756,81.25888824,9729,5438,55.89474869
Queens,Queens,All Grades,Not Poverty,2018-19,13509318,809947,12699371,94.00453186,80081,12569,15.69535828
Queens,Queens,All Grades,Poverty,2018-19,34786039,2663785,32122254,92.34237671,206093,49399,23.96927643
Queens,Queens,All Grades,Not Poverty,2019-20,8588741,489486,8099255,94.30084229,77399,11288,14.58416653
Queens,Queens,All Grades,Poverty,2019-20,22452242,1684182,20768060,92.49882507,202660,46635,23.01144791
Queens,Queens,All Grades,Not Poverty,2020-21,12616024,746204,11869820,94.08526611,74794,11921,15.93844414
Queens,Queens,All Grades,Poverty,2020-21,33150834,3222976,29927858,90.27783966,194049,54482,28.07641411
Queens,Queens,All Grades,Not Poverty,2021-22,12486027,1054919,11431108,91.55120087,74908,20669,27.59251404
Queens,Queens,All Grades,Poverty,2021-22,31390409,3546393,27844016,88.70230103,186557,73237,39.25717163
Queens,Queens,All Grades,Not Poverty,2022-23,11821150,911444,10909706,92.28971863,71681,17748,24.75969887
Queens,Queens,All Grades,Poverty,2022-23,32132164,3315285,28816879,89.68235016,195608,70914,36.25311661
Queens,Queens,PK in K-12 Schools,Not Poverty,2018-19,428733,36921,391812,91.38834381,2586,817,31.59319496
Queens,Queens,PK in K-12 Schools,Poverty,2018-19,894638,95884,798754,89.28237152,5459,2373,43.4695015
Queens,Queens,PK in K-12 Schools,Not Poverty,2019-20,304978,26204,278774,91.40790558,2823,890,31.52674484
Queens,Queens,PK in K-12 Schools,Poverty,2019-20,599124,65644,533480,89.04333496,5567,2424,43.54230118
Queens,Queens,PK in K-12 Schools,Not Poverty,2020-21,435471,29301,406170,93.27142334,2704,633,23.40976334
Queens,Queens,PK in K-12 Schools,Poverty,2020-21,784014,84786,699228,89.18565369,4764,1750,36.73383713
Queens,Queens,PK in K-12 Schools,Not Poverty,2021-22,570134,75975,494159,86.67418671,3518,1967,55.91244888
Queens,Queens,PK in K-12 Schools,Poverty,2021-22,858479,134708,723771,84.30852509,5277,3367,63.80519104
Queens,Queens,PK in K-12 Schools,Not Poverty,2022-23,610415,82584,527831,86.47084045,3804,2143,56.33543777
Queens,Queens,PK in K-12 Schools,Poverty,2022-23,1377433,223758,1153675,83.75543213,8577,5617,65.4890976
Queens,Queens,0K,Not Poverty,2018-19,1131755,68996,1062759,93.90362549,6653,1200,18.03697586
Queens,Queens,0K,Poverty,2018-19,2528881,209493,2319388,91.71598053,14923,4657,31.2068615
Queens,Queens,0K,Not Poverty,2019-20,716920,45744,671176,93.61936951,6435,1251,19.44055939
Queens,Queens,0K,Poverty,2019-20,1609606,136277,1473329,91.53351593,14539,4501,30.95811272
Queens,Queens,0K,Not Poverty,2020-21,951153,44031,907122,95.37077332,5756,800,13.89853954
Queens,Queens,0K,Poverty,2020-21,2286959,227954,2059005,90.03244019,13643,4415,32.36091614
Queens,Queens,0K,Not Poverty,2021-22,967379,85766,881613,91.13418579,5846,1947,33.30482483
Queens,Queens,0K,Poverty,2021-22,2193132,262127,1931005,88.04782104,13117,6353,48.43333054
Queens,Queens,0K,Not Poverty,2022-23,864622,76201,788421,91.18678284,5157,1690,32.77099228
Queens,Queens,0K,Poverty,2022-23,2263104,268486,1994618,88.13638306,13787,6709,48.66178131
Queens,Queens,1,Not Poverty,2018-19,1087230,57284,1029946,94.73120117,6386,840,13.15377426
Queens,Queens,1,Poverty,2018-19,2657755,182346,2475409,93.13909912,15576,3674,23.58757019
Queens,Queens,1,Not Poverty,2019-20,690708,36610,654098,94.69963837,6161,833,13.52053261
Queens,Queens,1,Poverty,2019-20,1654717,116736,1537981,92.94525909,14832,3579,24.13025856
Queens,Queens,1,Not Poverty,2020-21,976617,38123,938494,96.09642029,5812,604,10.39229202
Queens,Queens,1,Poverty,2020-21,2397537,207914,2189623,91.32801819,14105,3879,27.50088692
Queens,Queens,1,Not Poverty,2021-22,911832,68478,843354,92.49006653000001,5445,1392,25.56473923
Queens,Queens,1,Poverty,2021-22,2273565,243706,2029859,89.28088379,13466,5558,41.2743187
Queens,Queens,1,Not Poverty,2022-23,887096,65891,821205,92.57228088,5269,1268,24.06528664
Queens,Queens,1,Poverty,2022-23,2337187,236025,2101162,89.90132141,14167,5672,40.03670502
Queens,Queens,2,Not Poverty,2018-19,1050337,49536,1000801,95.28379822,6128,659,10.75391674
Queens,Queens,2,Poverty,2018-19,2677352,164332,2513020,93.86214447,15646,3159,20.19046402
Queens,Queens,2,Not Poverty,2019-20,673165,32015,641150,95.24411011,5988,669,11.17234516
Queens,Queens,2,Poverty,2019-20,1702074,107027,1595047,93.71196747,15213,3070,20.18010902
Queens,Queens,2,Not Poverty,2020-21,981451,32521,948930,96.68643951,5816,512,8.803300858
Queens,Queens,2,Poverty,2020-21,2412802,178989,2233813,92.58169556,14152,3371,23.81995392
Queens,Queens,2,Not Poverty,2021-22,949662,64480,885182,93.21021271,5650,1256,22.23008919
Queens,Queens,2,Poverty,2021-22,2270212,224477,2045735,90.11206818,13392,5114,38.18697739
Queens,Queens,2,Not Poverty,2022-23,873820,60004,813816,93.13314056,5148,1117,21.69774628
Queens,Queens,2,Poverty,2022-23,2319916,213840,2106076,90.78242493,13928,4966,35.6547966
Queens,Queens,3,Not Poverty,2018-19,1049078,45218,1003860,95.68973541,6102,547,8.964274406
Queens,Queens,3,Poverty,2018-19,2718611,156308,2562303,94.2504425,15816,2871,18.15250397
Queens,Queens,3,Not Poverty,2019-20,655223,28439,626784,95.65964508,5830,533,9.142367363
Queens,Queens,3,Poverty,2019-20,1704442,96528,1607914,94.33667755,15226,2639,17.33219528
Queens,Queens,3,Not Poverty,2020-21,960562,29751,930811,96.90274811,5697,443,7.776022434
Queens,Queens,3,Poverty,2020-21,2479497,171773,2307724,93.07226563,14525,3178,21.87951851
Queens,Queens,3,Not Poverty,2021-22,946288,61678,884610,93.48210907,5595,1130,20.19660378
Queens,Queens,3,Poverty,2021-22,2324254,211236,2113018,90.91166687,13672,4688,34.28905869
Queens,Queens,3,Not Poverty,2022-23,908185,55150,853035,93.92745209,5367,961,17.90571976
Queens,Queens,3,Poverty,2022-23,2333317,197967,2135350,91.51564026,13960,4484,32.12034225
Queens,Queens,4,Not Poverty,2018-19,1061300,42381,1018919,96.00669098,6165,531,8.613139153
Queens,Queens,4,Poverty,2018-19,2767209,149927,2617282,94.58201599,16087,2708,16.83346748
Queens,Queens,4,Not Poverty,2019-20,642962,25831,617131,95.98249817,5729,484,8.448246002
Queens,Queens,4,Poverty,2019-20,1747909,95929,1651980,94.51178741,15552,2631,16.91743851
Queens,Queens,4,Not Poverty,2020-21,944781,29571,915210,96.87007141,5587,419,7.499552727
Queens,Queens,4,Poverty,2020-21,2507066,166411,2340655,93.36231995,14618,3022,20.67314339
Queens,Queens,4,Not Poverty,2021-22,947159,58270,888889,93.84791565,5597,1085,19.38538551
Queens,Queens,4,Poverty,2021-22,2380992,211148,2169844,91.13193512,13990,4624,33.05218124
Queens,Queens,4,Not Poverty,2022-23,895039,50447,844592,94.3637085,5298,853,16.10041618
Queens,Queens,4,Poverty,2022-23,2384647,192398,2192249,91.93180084,14213,4267,30.02181053
Queens,Queens,5,Not Poverty,2018-19,1050885,44093,1006792,95.80420685,6098,628,10.2984581
Queens,Queens,5,Poverty,2018-19,2810538,150246,2660292,94.65419006,16231,2680,16.51161385
Queens,Queens,5,Not Poverty,2019-20,666651,26089,640562,96.08655548,5910,457,7.732656479
Queens,Queens,5,Poverty,2019-20,1747679,91770,1655909,94.7490387,15540,2422,15.58558559
Queens,Queens,5,Not Poverty,2020-21,942862,32964,909898,96.50383759,5552,504,9.077809334
Queens,Queens,5,Poverty,2020-21,2542825,168564,2374261,93.37099457,14808,3131,21.14397621
Queens,Queens,5,Not Poverty,2021-22,933573,58193,875380,93.76663971,5514,1108,20.09430504
Queens,Queens,5,Poverty,2021-22,2372664,205878,2166786,91.32292175,13890,4440,31.96544266
Queens,Queens,5,Not Poverty,2022-23,909593,51302,858291,94.3598938,5361,895,16.69464684
Queens,Queens,5,Poverty,2022-23,2423632,189619,2234013,92.17624664,14417,4127,28.62592697
Queens,Queens,6,Not Poverty,2018-19,1061448,41199,1020249,96.11860657,6137,487,7.935473442
Queens,Queens,6,Poverty,2018-19,2820065,152694,2667371,94.58544159,16311,2730,16.73717117
Queens,Queens,6,Not Poverty,2019-20,637935,25004,612931,96.08047485,5670,473,8.342151642
Queens,Queens,6,Poverty,2019-20,1793091,95964,1697127,94.64812469,15953,2566,16.08474922
Queens,Queens,6,Not Poverty,2020-21,940608,45989,894619,95.11071777,5550,795,14.32432461
Queens,Queens,6,Poverty,2020-21,2573822,231436,2342386,91.00807953,15010,4167,27.76149178
Queens,Queens,6,Not Poverty,2021-22,916181,59690,856491,93.48490906,5420,1072,19.77859688
Queens,Queens,6,Poverty,2021-22,2421165,224568,2196597,90.72479248,14209,4816,33.89401245
Queens,Queens,6,Not Poverty,2022-23,847319,48583,798736,94.26626587,5024,864,17.19745255
Queens,Queens,6,Poverty,2022-23,2460366,197121,2263245,91.98814392,14605,4166,28.52447701
Queens,Queens,7,Not Poverty,2018-19,1053315,42046,1011269,96.00822449,6091,595,9.768510818
Queens,Queens,7,Poverty,2018-19,2708437,152833,2555604,94.35715485,15622,2781,17.80181885
Queens,Queens,7,Not Poverty,2019-20,685017,27642,657375,95.96477509,6079,584,9.606842995
Queens,Queens,7,Poverty,2019-20,1806558,99002,1707556,94.51985168,16038,2693,16.79137039
Queens,Queens,7,Not Poverty,2020-21,989501,54406,935095,94.50167084,5824,923,15.84821415
Queens,Queens,7,Poverty,2020-21,2626985,251941,2375044,90.40950012,15279,4522,29.59617805
Queens,Queens,7,Not Poverty,2021-22,950500,60366,890134,93.64902496,5610,1126,20.07130051
Queens,Queens,7,Poverty,2021-22,2465019,226525,2238494,90.81041718,14395,4795,33.31017685
Queens,Queens,7,Not Poverty,2022-23,897616,53152,844464,94.07853699,5295,916,17.29933929
Queens,Queens,7,Poverty,2022-23,2471848,211890,2259958,91.4278717,14613,4518,30.91767693
Queens,Queens,8,Not Poverty,2018-19,1071885,53802,1018083,94.98062134,6180,827,13.38187695
Queens,Queens,8,Poverty,2018-19,2676452,175648,2500804,93.43727875,15446,3250,21.04104614
Queens,Queens,8,Not Poverty,2019-20,687393,30386,657007,95.57952881,6098,649,10.64283371
Queens,Queens,8,Poverty,2019-20,1748178,104117,1644061,94.04425812,15505,2840,18.31667137
Queens,Queens,8,Not Poverty,2020-21,1024998,63959,961039,93.76008606,5983,1089,18.20157051
Queens,Queens,8,Poverty,2020-21,2706011,263384,2442627,90.26670837,15705,4651,29.6147728
Queens,Queens,8,Not Poverty,2021-22,996660,70216,926444,92.95487213,5851,1366,23.34643745
Queens,Queens,8,Poverty,2021-22,2581827,248413,2333414,90.37840271,15027,5193,34.55779648
Queens,Queens,8,Not Poverty,2022-23,934062,62974,871088,93.25804901,5512,1222,22.16981125
Queens,Queens,8,Poverty,2022-23,2523477,230094,2293383,90.88186646,14840,4890,32.95148087
Queens,Queens,9,Not Poverty,2018-19,943761,88710,855051,90.60037231,5960,1355,22.73489952
Queens,Queens,9,Poverty,2018-19,2694043,319879,2374164,88.12643433,16795,4956,29.50878143
Queens,Queens,9,Not Poverty,2019-20,584773,48572,536201,91.69387054,5460,1089,19.94505501
Queens,Queens,9,Poverty,2019-20,1816170,205926,1610244,88.66152191,16937,4968,29.33223152
Queens,Queens,9,Not Poverty,2020-21,906500,85039,821461,90.61897278000001,5415,1234,22.78854942
Queens,Queens,9,Poverty,2020-21,2646672,363910,2282762,86.25028229,15428,5023,32.55768585
Queens,Queens,9,Not Poverty,2021-22,888436,90213,798223,89.84586334,5573,1600,28.70985031
Queens,Queens,9,Poverty,2021-22,2540389,357775,2182614,85.91652679,15517,6063,39.07327271
Queens,Queens,9,Not Poverty,2022-23,830542,75345,755197,90.92821503,5504,1379,25.0545063
Queens,Queens,9,Poverty,2022-23,2599455,333651,2265804,87.1645813,16835,6067,36.03801727
Queens,Queens,10,Not Poverty,2018-19,921147,83633,837514,90.92077637,5761,1315,22.82589912
Queens,Queens,10,Poverty,2018-19,2411885,261547,2150338,89.15590668,14999,4346,28.9752655
Queens,Queens,10,Not Poverty,2019-20,586619,46989,539630,91.98986053,5475,1167,21.3150692
Queens,Queens,10,Poverty,2019-20,1598832,164904,1433928,89.68597412,14873,4260,28.64250565
Queens,Queens,10,Not Poverty,2020-21,885988,90179,795809,89.82164764,5250,1293,24.62857056
Queens,Queens,10,Poverty,2020-21,2562129,345155,2216974,86.52858734,14982,4827,32.21866226
Queens,Queens,10,Not Poverty,2021-22,866969,93208,773761,89.24897766,5335,1635,30.6466732
Queens,Queens,10,Poverty,2021-22,2322680,326858,1995822,85.92755127,14155,5742,40.56517029
Queens,Queens,10,Not Poverty,2022-23,843780,75179,768601,91.09020996,5420,1425,26.29151344
Queens,Queens,10,Poverty,2022-23,2358444,290676,2067768,87.6750946,14976,5178,34.5753212
Queens,Queens,11,Not Poverty,2018-19,791187,64041,727146,91.90570831,4868,1042,21.40509415
Queens,Queens,11,Poverty,2018-19,2140150,200381,1939769,90.63705444,13141,3499,26.62658882
Queens,Queens,11,Not Poverty,2019-20,533796,39383,494413,92.62208557,4932,916,18.57258797
Queens,Queens,11,Poverty,2019-20,1396281,124286,1271995,91.0987854,12872,3250,25.24860191
Queens,Queens,11,Not Poverty,2020-21,832334,73534,758800,91.16532898,4877,1089,22.32929993
Queens,Queens,11,Poverty,2020-21,2259530,241740,2017790,89.30131531,13086,3598,27.49503326
Queens,Queens,11,Not Poverty,2021-22,820408,89999,730409,89.02996826,4982,1678,33.68125153
Queens,Queens,11,Poverty,2021-22,2121536,288392,1833144,86.40645599,12740,5172,40.59654617
Queens,Queens,11,Not Poverty,2022-23,783610,70390,713220,91.01721191,4912,1283,26.11970711
Queens,Queens,11,Poverty,2022-23,2071011,232430,1838581,88.77697754,12936,4308,33.30241013
Queens,Queens,12,Not Poverty,2018-19,807257,92087,715170,88.59260559,4966,1726,34.75634384
Queens,Queens,12,Poverty,2018-19,2280023,292267,1987756,87.18140411,14041,5715,40.70222855
Queens,Queens,12,Not Poverty,2019-20,522601,50578,472023,90.3218689,4815,1298,26.95742416
Queens,Queens,12,Poverty,2019-20,1527581,180072,1347509,88.21195221,14036,4812,34.28327179
Queens,Queens,12,Not Poverty,2020-21,842832,96697,746135,88.52713013,4964,1579,31.80902481
Queens,Queens,12,Poverty,2020-21,2364764,318954,2045810,86.51222992,13939,4945,35.47600174
Queens,Queens,12,Not Poverty,2021-22,820846,118387,702459,85.57743835,4972,2307,46.39983749
Queens,Queens,12,Poverty,2021-22,2264495,380582,1883913,83.19351196,13710,7312,53.33333206
Queens,Queens,12,Not Poverty,2022-23,735451,84242,651209,88.54553223,4610,1732,37.57049942
Queens,Queens,12,Poverty,2022-23,2208327,297330,1910997,86.53596497,13754,5945,43.22378922
Staten Island,Richmond,All Grades,Not Poverty,2018-19,4367095,247813,4119282,94.32544708,25433,3549,13.95431137
Staten Island,Richmond,All Grades,Poverty,2018-19,6369519,598568,5770951,90.60261536,37719,11493,30.47005463
Staten Island,Richmond,All Grades,Not Poverty,2019-20,2843851,161979,2681872,94.30423737,25374,3744,14.75526142
Staten Island,Richmond,All Grades,Poverty,2019-20,4186181,383751,3802430,90.83290863,37870,11288,29.80723572
Staten Island,Richmond,All Grades,Not Poverty,2020-21,4241250,271518,3969732,93.59815979,24819,4222,17.0111599
Staten Island,Richmond,All Grades,Poverty,2020-21,6368069,949734,5418335,85.08599854,37236,15171,40.74282837
Staten Island,Richmond,All Grades,Not Poverty,2021-22,4052365,333153,3719212,91.77880096,23818,6509,27.32807159
Staten Island,Richmond,All Grades,Poverty,2021-22,6340921,834604,5506317,86.83781433,37681,17235,45.73923111
Staten Island,Richmond,All Grades,Not Poverty,2022-23,3883236,282293,3600943,92.73046875,22942,5229,22.79225922
Staten Island,Richmond,All Grades,Poverty,2022-23,6564926,739170,5825756,88.74061584,39537,15610,39.48200607
Staten Island,Richmond,PK in K-12 Schools,Not Poverty,2018-19,131364,10246,121118,92.20030212,773,210,27.16688156
Staten Island,Richmond,PK in K-12 Schools,Poverty,2018-19,187366,20180,167186,89.22963715,1129,484,42.86979675
Staten Island,Richmond,PK in K-12 Schools,Not Poverty,2019-20,108835,9353,99482,91.40625763,984,342,34.75609589
Staten Island,Richmond,PK in K-12 Schools,Poverty,2019-20,148111,17827,130284,87.96376038,1372,675,49.19824982
Staten Island,Richmond,PK in K-12 Schools,Not Poverty,2020-21,148926,11007,137919,92.60907745,922,242,26.24728775
Staten Island,Richmond,PK in K-12 Schools,Poverty,2020-21,217082,36322,180760,83.26807404,1331,683,51.31480026
Staten Island,Richmond,PK in K-12 Schools,Not Poverty,2021-22,156690,19042,137648,87.84734344,948,474,50.0
Staten Island,Richmond,PK in K-12 Schools,Poverty,2021-22,231278,39631,191647,82.86434174,1415,984,69.54063416
Staten Island,Richmond,PK in K-12 Schools,Not Poverty,2022-23,220222,27617,192605,87.45947266,1348,715,53.04154205
Staten Island,Richmond,PK in K-12 Schools,Poverty,2022-23,358100,60292,297808,83.1633606,2215,1435,64.78555298
Staten Island,Richmond,0K,Not Poverty,2018-19,322330,19651,302679,93.90345001,1846,292,15.81798458
Staten Island,Richmond,0K,Poverty,2018-19,458880,42195,416685,90.80478668,2700,956,35.40740585
Staten Island,Richmond,0K,Not Poverty,2019-20,204808,13486,191322,93.41529846,1807,357,19.75650215
Staten Island,Richmond,0K,Poverty,2019-20,303579,28297,275282,90.67887115,2748,983,35.77146912
Staten Island,Richmond,0K,Not Poverty,2020-21,294693,14015,280678,95.24420166,1740,228,13.10344791
Staten Island,Richmond,0K,Poverty,2020-21,431130,53030,378100,87.69976807,2565,1008,39.29824448
Staten Island,Richmond,0K,Not Poverty,2021-22,293593,25083,268510,91.45654297,1710,511,29.88304138
Staten Island,Richmond,0K,Poverty,2021-22,434241,58526,375715,86.52223206,2585,1311,50.71566772
Staten Island,Richmond,0K,Not Poverty,2022-23,265452,22022,243430,91.70396423,1541,446,28.94224548
Staten Island,Richmond,0K,Poverty,2022-23,456231,54724,401507,88.00519562,2737,1324,48.37413406
Staten Island,Richmond,1,Not Poverty,2018-19,329573,17210,312363,94.77809143,1883,206,10.93998909
Staten Island,Richmond,1,Poverty,2018-19,501276,40312,460964,91.95812225,2936,881,30.00681114
Staten Island,Richmond,1,Not Poverty,2019-20,206903,11492,195411,94.44570923,1820,253,13.90109921
Staten Island,Richmond,1,Poverty,2019-20,298024,24209,273815,91.87683105,2687,802,29.84741402
Staten Island,Richmond,1,Not Poverty,2020-21,297136,12393,284743,95.82918549,1749,166,9.491137505
Staten Island,Richmond,1,Poverty,2020-21,464433,56299,408134,87.8779068,2723,994,36.50385666
Staten Island,Richmond,1,Not Poverty,2021-22,280688,21568,259120,92.31602478,1626,424,26.07626152
Staten Island,Richmond,1,Poverty,2021-22,465575,56226,409349,87.92331696,2757,1280,46.42727661
Staten Island,Richmond,1,Not Poverty,2022-23,277024,19689,257335,92.89267731,1593,356,22.34777069
Staten Island,Richmond,1,Poverty,2022-23,473918,50370,423548,89.37158203,2811,1137,40.44823837
Staten Island,Richmond,2,Not Poverty,2018-19,341925,16975,324950,95.03546143,1953,188,9.626215935
Staten Island,Richmond,2,Poverty,2018-19,496972,38348,458624,92.28366852,2889,803,27.795084
Staten Island,Richmond,2,Not Poverty,2019-20,211849,11027,200822,94.7948761,1867,230,12.31922913
Staten Island,Richmond,2,Poverty,2019-20,321460,23637,297823,92.64698792,2880,750,26.04166603
Staten Island,Richmond,2,Not Poverty,2020-21,298407,11837,286570,96.03327179,1748,170,9.725400925
Staten Island,Richmond,2,Poverty,2020-21,451694,50228,401466,88.88008118,2642,927,35.08705521
Staten Island,Richmond,2,Not Poverty,2021-22,285086,19787,265299,93.05928802,1664,354,21.27403831
Staten Island,Richmond,2,Poverty,2021-22,471952,53384,418568,88.68868256,2791,1198,42.92368317
Staten Island,Richmond,2,Not Poverty,2022-23,273141,18623,254518,93.18190765,1579,317,20.07599831
Staten Island,Richmond,2,Poverty,2022-23,481565,48026,433539,90.02709961,2854,1070,37.49124146
Staten Island,Richmond,3,Not Poverty,2018-19,327605,15196,312409,95.36148834,1874,176,9.391675949
Staten Island,Richmond,3,Poverty,2018-19,511783,38220,473563,92.53199005,2992,801,26.77139091
Staten Island,Richmond,3,Not Poverty,2019-20,213287,10934,202353,94.8735733,1869,208,11.1289463
Staten Island,Richmond,3,Poverty,2019-20,322461,23204,299257,92.80409241,2882,713,24.73976326
Staten Island,Richmond,3,Not Poverty,2020-21,317125,11810,305315,96.27591705,1856,159,8.566810608
Staten Island,Richmond,3,Poverty,2020-21,478900,50324,428576,89.49175262,2792,923,33.05873871
Staten Island,Richmond,3,Not Poverty,2021-22,289601,19567,270034,93.24346161,1680,348,20.7142849
Staten Island,Richmond,3,Poverty,2021-22,455108,50062,405046,88.99997711,2674,1115,41.6978302
Staten Island,Richmond,3,Not Poverty,2022-23,275092,17510,257582,93.63485718,1588,282,17.75818634
Staten Island,Richmond,3,Poverty,2022-23,486010,45854,440156,90.56521606,2865,1031,35.98603821
Staten Island,Richmond,4,Not Poverty,2018-19,330087,15146,314941,95.41151428,1877,172,9.16355896
Staten Island,Richmond,4,Poverty,2018-19,505453,35648,469805,92.94731903,2929,744,25.40116119
Staten Island,Richmond,4,Not Poverty,2019-20,217570,10430,207140,95.20613861,1914,199,10.39707375
Staten Island,Richmond,4,Poverty,2019-20,328285,23821,304464,92.74380493,2929,736,25.12803078
Staten Island,Richmond,4,Not Poverty,2020-21,317552,11878,305674,96.25951385,1853,158,8.526713371
Staten Island,Richmond,4,Poverty,2020-21,490378,50629,439749,89.67551422,2860,940,32.86713409
Staten Island,Richmond,4,Not Poverty,2021-22,298730,19672,279058,93.41478729,1736,353,20.33410072
Staten Island,Richmond,4,Poverty,2021-22,497979,52732,445247,89.41079712,2918,1146,39.27347565
Staten Island,Richmond,4,Not Poverty,2022-23,278152,17076,261076,93.86090851,1610,266,16.52173996
Staten Island,Richmond,4,Poverty,2022-23,467342,42104,425238,90.99075317,2748,935,34.02474594
Staten Island,Richmond,5,Not Poverty,2018-19,338270,15692,322578,95.36109924,1916,211,11.01252747
Staten Island,Richmond,5,Poverty,2018-19,510821,35338,475483,93.08211517,2944,709,24.08288002
Staten Island,Richmond,5,Not Poverty,2019-20,214930,10596,204334,95.07002258,1889,194,10.26998425
Staten Island,Richmond,5,Poverty,2019-20,317735,21858,295877,93.12068176,2838,673,23.71388245
Staten Island,Richmond,5,Not Poverty,2020-21,330032,14699,315333,95.54618835,1931,222,11.49663353
Staten Island,Richmond,5,Poverty,2020-21,482706,54369,428337,88.73662567,2807,1024,36.48022842
Staten Island,Richmond,5,Not Poverty,2021-22,312037,21270,290767,93.1835022,1806,371,20.54263496
Staten Island,Richmond,5,Poverty,2021-22,494953,52671,442282,89.35838318,2887,1153,39.93765259
Staten Island,Richmond,5,Not Poverty,2022-23,294420,18416,276004,93.74498749,1690,280,16.56804657
Staten Island,Richmond,5,Poverty,2022-23,510531,43933,466598,91.39464569,2987,931,31.168396
Staten Island,Richmond,6,Not Poverty,2018-19,320726,14248,306478,95.55757904,1826,171,9.364731789
Staten Island,Richmond,6,Poverty,2018-19,483402,37799,445603,92.18062592,2811,747,26.57417297
Staten Island,Richmond,6,Not Poverty,2019-20,200805,9073,191732,95.48168945,1771,187,10.55900574
Staten Island,Richmond,6,Poverty,2019-20,317087,24176,292911,92.37559509,2813,741,26.3419838
Staten Island,Richmond,6,Not Poverty,2020-21,307991,16265,291726,94.71900177,1803,276,15.30782032
Staten Island,Richmond,6,Poverty,2020-21,466521,69301,397220,85.14514923,2703,1215,44.95005417
Staten Island,Richmond,6,Not Poverty,2021-22,291102,20359,270743,93.00623322,1694,371,21.9008255
Staten Island,Richmond,6,Poverty,2021-22,458967,56951,402016,87.59148407,2686,1222,45.49515915
Staten Island,Richmond,6,Not Poverty,2022-23,282980,17627,265353,93.77093506,1631,293,17.96443939
Staten Island,Richmond,6,Poverty,2022-23,485506,46792,438714,90.36222076,2858,995,34.81455612
Staten Island,Richmond,7,Not Poverty,2018-19,319898,16368,303530,94.88336945,1822,236,12.95279884
Staten Island,Richmond,7,Poverty,2018-19,479451,39449,440002,91.77204895,2770,816,29.45848465
Staten Island,Richmond,7,Not Poverty,2019-20,208521,9995,198526,95.20671844,1829,204,11.15363598
Staten Island,Richmond,7,Poverty,2019-20,315142,26887,288255,91.46829224,2811,816,29.02881622
Staten Island,Richmond,7,Not Poverty,2020-21,329480,25158,304322,92.36433411,1906,442,23.18992615
Staten Island,Richmond,7,Poverty,2020-21,451778,73722,378056,83.68180846999999,2625,1242,47.31428528
Staten Island,Richmond,7,Not Poverty,2021-22,303080,22002,281078,92.74053192,1753,426,24.30119705
Staten Island,Richmond,7,Poverty,2021-22,474934,60508,414426,87.25970459,2782,1251,44.96764755
Staten Island,Richmond,7,Not Poverty,2022-23,293603,19748,273855,93.27391052,1686,363,21.53024864
Staten Island,Richmond,7,Poverty,2022-23,469358,51884,417474,88.945755,2760,1116,40.43478394
Staten Island,Richmond,8,Not Poverty,2018-19,317318,19025,298293,94.00444031,1798,287,15.96218014
Staten Island,Richmond,8,Poverty,2018-19,450661,44400,406261,90.14780426,2612,900,34.45635605
Staten Island,Richmond,8,Not Poverty,2019-20,208770,11942,196828,94.27983093,1825,261,14.30136967
Staten Island,Richmond,8,Poverty,2019-20,306539,27996,278543,90.86706543,2729,832,30.48735809
Staten Island,Richmond,8,Not Poverty,2020-21,327014,24843,302171,92.40307617,1886,442,23.43584251
Staten Island,Richmond,8,Poverty,2020-21,472294,81523,390771,82.73892975,2724,1376,50.51395035
Staten Island,Richmond,8,Not Poverty,2021-22,322015,27588,294427,91.43269348,1857,605,32.57942963
Staten Island,Richmond,8,Poverty,2021-22,463212,63996,399216,86.18429565,2690,1381,51.33829117
Staten Island,Richmond,8,Not Poverty,2022-23,304811,23774,281037,92.20040894,1756,466,26.53758621
Staten Island,Richmond,8,Poverty,2022-23,475559,57868,417691,87.83158112,2770,1214,43.82671356
Staten Island,Richmond,9,Not Poverty,2018-19,333278,21247,312031,93.62483978,2033,274,13.47761917
Staten Island,Richmond,9,Poverty,2018-19,480713,63254,417459,86.84162903000001,2940,901,30.64625931
Staten Island,Richmond,9,Not Poverty,2019-20,207032,11294,195738,94.54480743,1914,230,12.01671886
Staten Island,Richmond,9,Poverty,2019-20,340832,39437,301395,88.42919922,3164,979,30.94184494
Staten Island,Richmond,9,Not Poverty,2020-21,299220,22614,276606,92.44235229,1766,328,18.57304573
Staten Island,Richmond,9,Poverty,2020-21,541439,104761,436678,80.65137482,3168,1311,41.38257599
Staten Island,Richmond,9,Not Poverty,2021-22,289887,23964,265923,91.73332977,1752,441,25.17123222
Staten Island,Richmond,9,Poverty,2021-22,521208,78215,442993,84.99351501,3164,1345,42.50948334
Staten Island,Richmond,9,Not Poverty,2022-23,265486,15918,249568,94.0042038,1651,270,16.35372543
Staten Island,Richmond,9,Poverty,2022-23,504837,62553,442284,87.60926819,3179,1115,35.0739212
Staten Island,Richmond,10,Not Poverty,2018-19,348445,21653,326792,93.78582001,2154,359,16.66666603
Staten Island,Richmond,10,Poverty,2018-19,464796,61138,403658,86.84627533,2920,994,34.04109573
Staten Island,Richmond,10,Not Poverty,2019-20,219933,13850,206083,93.70262909,2038,331,16.24141312
Staten Island,Richmond,10,Poverty,2019-20,305359,35679,269680,88.3157196,2863,932,32.55326462
Staten Island,Richmond,10,Not Poverty,2020-21,327259,27341,299918,91.64545441,1908,386,20.23060799
Staten Island,Richmond,10,Poverty,2020-21,506146,100415,405731,80.16086578,2958,1259,42.56254196
Staten Island,Richmond,10,Not Poverty,2021-22,305921,25199,280722,91.76290894,1848,460,24.89177513
Staten Island,Richmond,10,Poverty,2021-22,490315,71228,419087,85.47301483,3011,1320,43.83925629
Staten Island,Richmond,10,Not Poverty,2022-23,290177,19058,271119,93.43228149,1806,314,17.38648987
Staten Island,Richmond,10,Poverty,2022-23,481517,57858,423659,87.98422241,3057,1102,36.04841232
Staten Island,Richmond,11,Not Poverty,2018-19,322875,18332,304543,94.322258,1957,255,13.03014946
Staten Island,Richmond,11,Poverty,2018-19,435410,46411,388999,89.34085083,2687,760,28.28433228
Staten Island,Richmond,11,Not Poverty,2019-20,216851,12399,204452,94.28224945,1991,288,14.46509266
Staten Island,Richmond,11,Poverty,2019-20,271873,27899,243974,89.73822021,2511,659,26.244524
Staten Island,Richmond,11,Not Poverty,2020-21,325859,27177,298682,91.65988922,1894,377,19.90496254
Staten Island,Richmond,11,Poverty,2020-21,460339,77373,382966,83.19216919,2687,1021,37.9977684
Staten Island,Richmond,11,Not Poverty,2021-22,325668,30096,295572,90.75868988,1965,592,30.12722588
Staten Island,Richmond,11,Poverty,2021-22,447599,64270,383329,85.64116669,2705,1154,42.66173935
Staten Island,Richmond,11,Not Poverty,2022-23,285084,19549,265535,93.14272308,1764,328,18.59410477
Staten Island,Richmond,11,Poverty,2022-23,449240,50280,398960,88.80776215,2818,917,32.54080963
Staten Island,Richmond,12,Not Poverty,2018-19,283401,26824,256577,90.53496552,1721,512,29.75014496
Staten Island,Richmond,12,Poverty,2018-19,402535,55876,346659,86.11897278000001,2460,997,40.52845383
Staten Island,Richmond,12,Not Poverty,2019-20,203757,16108,187649,92.09450531,1857,461,24.82498741
Staten Island,Richmond,12,Poverty,2019-20,289694,38824,250870,86.59827423,2644,998,37.74583817
Staten Island,Richmond,12,Not Poverty,2020-21,320426,40451,279975,87.37586975,1853,624,33.67512131
Staten Island,Richmond,12,Poverty,2020-21,453229,91438,361791,79.82521057,2651,1248,47.07657623
Staten Island,Richmond,12,Not Poverty,2021-22,298267,37956,260311,87.27449036,1779,779,43.7886467
Staten Island,Richmond,12,Poverty,2021-22,433600,76204,357396,82.42527771,2616,1375,52.56116104
Staten Island,Richmond,12,Not Poverty,2022-23,277592,25666,251926,90.75405884,1699,533,31.37139511
Staten Island,Richmond,12,Poverty,2022-23,465212,66632,398580,85.67707062,2878,1288,44.75329971
